participants,meals_per_person,venue_capacity,swag_tier,total_budget_inr
152,3,910,none,616096.72
70,2,171,none,119834.25
137,0,1173,none,653999.61
358,1,393,premium,517298.86
241,3,326,basic,381963.08
302,3,906,none,704713.71
731,3,749,basic,1010971.36
736,1,736,basic,718390.92
554,2,696,none,601785.34
437,0,437,basic,309200.26
395,0,947,basic,582836.62
504,3,558,premium,943311.97
130,3,1461,basic,912461.63
155,3,752,premium,615376.18
251,1,1045,basic,697134.09
505,1,1325,none,826513.97
769,0,769,basic,554171.26
266,3,266,basic,353810.73
64,0,114,none,62263.39
178,3,697,none,515192.96
642,3,642,premium,1154051.23
280,1,280,premium,413141.4
829,1,1106,none,777093.41
777,0,777,basic,544177.32
596,0,662,premium,781486.21
54,1,552,premium,350921.96
442,2,1088,none,788507.38
740,2,913,basic,933819.64
145,3,534,none,386227.56
220,0,1109,premium,761937.11
292,1,627,basic,448774.49
695,3,1101,none,1056172.34
380,3,1421,basic,1135549.77
434,0,1356,basic,841041.68
794,2,1432,none,1140483.48
367,0,1298,none,703361.22
876,1,1306,basic,1013807.06
491,3,1341,none,1061344.45
162,0,1001,none,556033.69
691,3,904,none,988640.32
452,1,1203,basic,831703.09
759,3,759,basic,1068446.16
172,0,816,premium,560801.77
659,1,1031,basic,790194.47
658,0,1197,basic,780572.07
820,3,820,basic,1077950.25
560,2,1221,basic,980440.56
978,3,978,premium,1768594.23
522,1,522,basic,496756.95
312,3,312,premium,586367.85
621,0,621,premium,783202.8
502,0,1233,basic,749844.08
148,2,865,premium,659234.63
103,3,677,none,426785.0
471,3,471,none,549262.24
148,0,963,none,531996.53
871,2,1006,none,954604.94
850,1,1350,none,918216.61
441,2,1268,basic,970192.59
509,2,519,none,497554.16
87,1,1438,basic,854830.07
76,1,1350,basic,777155.58
530,0,1069,premium,919060.84
596,3,1122,none,1055889.41
207,0,1119,premium,743192.75
794,0,794,basic,570433.2
656,2,749,premium,1112367.96
977,2,1234,basic,1231632.9
842,1,842,basic,792284.28
841,1,1361,basic,1058555.18
688,2,688,premium,1160047.32
978,0,978,basic,686148.63
808,1,970,basic,812454.8
952,0,952,premium,1167624.22
561,1,561,none,447152.46
192,3,1427,none,918057.08
903,2,903,premium,1535858.54
619,1,619,none,490608.28
103,2,493,basic,343404.35
621,3,621,basic,880424.54
933,1,933,basic,843674.59
705,0,705,basic,495961.98
706,3,880,basic,1090109.93
395,0,395,none,215834.21
957,0,1131,premium,1247099.88
145,1,1191,premium,794048.04
934,0,1345,basic,906626.87
630,1,910,basic,726009.23
705,2,1046,none,872771.31
269,0,1120,none,635905.79
502,3,961,none,859214.61
600,3,1362,basic,1261039.4
811,1,1173,none,814182.25
811,2,811,basic,940058.19
565,3,841,premium,1257151.04
945,3,945,basic,1286165.07
429,0,1006,basic,649131.51
884,0,1490,basic,939618.62
334,0,334,none,175654.3
548,1,548,basic,519633.56
654,1,1019,none,724465.42
666,2,1269,basic,1085701.53
124,0,1449,premium,903035.09
810,3,1467,basic,1484288.57
788,0,1172,basic,765607.51
145,3,712,premium,601995.88
418,2,418,premium,664815.87
322,0,322,basic,227919.71
446,2,1092,basic,831722.58
282,2,282,basic,339235.87
784,3,900,basic,1098544.92
118,2,445,basic,321098.18
533,0,1224,premium,988962.63
742,1,1259,none,859542.85
182,2,1288,basic,833825.92
800,3,1082,premium,1668844.53
302,1,1247,premium,914649.73
995,2,995,none,986243.36
471,2,1438,basic,1106448.36
560,2,560,basic,637992.83
301,2,494,basic,462265.76
763,1,763,basic,697430.06
803,3,1131,premium,1722866.76
944,0,1074,basic,728647.19
554,2,1442,none,1039534.17
166,1,166,none,133279.99
878,2,1222,none,1099279.18
813,0,1300,basic,816370.67
96,0,1378,basic,770542.42
422,1,1332,premium,1058341.0
61,1,785,none,440901.3
457,3,457,none,537291.85
139,3,747,none,491895.7
918,0,918,premium,1130790.37
194,0,978,basic,575235.13
801,0,958,premium,1086510.67
643,2,643,basic,770965.7
59,3,847,premium,521250.16
168,3,423,premium,474539.38
226,2,902,premium,737455.39
876,2,876,premium,1441286.28
148,2,434,none,292091.42
525,0,758,premium,797866.6
486,2,1046,premium,1135839.49
132,0,1158,basic,636474.07
100,0,766,none,435785.85
537,3,537,basic,712435.05
203,1,723,basic,490138.47
355,3,1127,premium,1047722.99
812,0,812,none,427468.58
256,0,902,basic,553268.89
152,1,813,premium,586618.12
899,1,1408,basic,1161684.63
357,0,357,basic,264779.99
591,2,1179,premium,1351615.91
949,1,949,premium,1390246.38
901,3,901,premium,1683739.31
254,1,254,none,188038.85
810,2,1256,basic,1170147.26
961,3,961,none,1146495.49
244,3,1268,basic,937353.12
110,1,1124,none,623065.81
653,1,653,none,485469.27
282,3,395,premium,569594.63
779,0,1146,none,629219.63
263,2,1129,premium,945077.19
622,0,1099,premium,976633.38
916,0,916,basic,680187.45
575,1,575,basic,535793.88
414,1,575,none,393744.32
52,2,968,basic,565506.14
323,1,855,basic,580684.24
680,0,680,none,367950.69
280,1,280,none,223254.33
261,0,1467,premium,978971.34
160,3,160,premium,300770.59
985,0,985,none,531100.96
567,3,1355,basic,1184833.54
364,0,1450,none,768629.23
759,1,759,none,567777.31
879,1,879,premium,1205735.39
592,3,592,premium,1067995.6
371,3,371,premium,713767.74
930,1,930,premium,1368692.15
243,2,764,basic,555869.62
349,0,375,premium,444962.7
773,0,773,none,410263.44
139,1,369,none,233659.59
560,3,894,basic,914843.1
739,3,739,basic,1020644.17
947,0,1241,premium,1278404.13
662,0,834,none,457581.03
599,2,1492,basic,1229188.71
367,3,367,basic,524486.03
508,0,637,basic,451001.96
369,1,1422,none,886452.58
319,3,847,premium,861644.83
900,2,900,basic,1026159.48
798,1,798,basic,742870.67
665,1,849,basic,709920.56
72,2,192,basic,147198.71
552,1,870,premium,975150.7
996,1,996,basic,917283.11
497,3,1088,premium,1253918.11
527,2,972,premium,1079014.67
146,0,1046,premium,649869.39
245,1,566,premium,519335.72
855,0,1232,basic,815474.74
997,3,997,premium,1805054.5
96,3,893,premium,590470.45
676,2,1365,premium,1507803.14
709,2,1327,premium,1521195.52
761,2,864,none,818504.94
267,0,1007,none,541565.38
665,3,732,premium,1287981.5
373,0,937,none,522441.55
653,2,1451,none,1043664.27
511,3,1370,premium,1421637.97
863,0,1478,none,789719.11
874,0,874,none,485414.99
480,0,1382,basic,862407.72
166,1,986,none,574321.23
651,2,651,basic,750595.11
396,0,689,none,377311.54
228,1,713,basic,465336.35
550,3,1234,basic,1140746.57
711,1,711,none,548225.19
898,3,1434,none,1370658.5
525,2,1433,basic,1115363.58
190,1,264,basic,224300.67
367,3,719,none,610803.78
335,3,1497,basic,1079134.62
420,2,1059,basic,832045.01
163,1,996,none,566783.11
974,2,974,none,999098.75
211,3,211,premium,406758.23
440,0,1081,none,579522.6
492,2,492,none,500360.28
628,2,1056,premium,1306894.41
137,1,1361,premium,895200.67
501,3,501,none,601051.28
872,3,872,basic,1224713.6
134,2,1454,premium,959405.89
131,1,864,basic,517791.85
435,2,520,none,491750.41
854,1,1329,basic,1053586.43
989,2,989,premium,1574622.2
207,3,207,premium,397641.91
770,1,1188,basic,970719.67
286,0,1432,none,797985.88
543,3,715,basic,816116.67
776,0,776,premium,941491.92
91,3,91,none,110652.32
202,1,1451,premium,940909.6
391,0,391,premium,489191.01
217,1,317,basic,257760.75
955,0,1474,basic,957988.27
683,1,683,none,537290.39
868,0,1365,premium,1271677.49
828,3,828,basic,1161171.25
856,3,1300,premium,1827586.03
713,1,713,premium,993167.82
597,2,1221,none,963236.11
898,1,898,none,699212.68
499,0,499,none,280143.31
266,0,988,basic,585137.4
852,2,1302,none,1137366.43
151,1,573,basic,359425.34
866,0,1090,premium,1165311.77
864,3,1391,premium,1950291.32
710,0,710,basic,529828.62
515,0,1341,none,770248.14
926,1,926,none,718741.26
450,2,1030,basic,824480.18
384,0,384,none,203813.41
876,2,876,premium,1386911.58
451,2,664,none,568572.87
669,3,1171,premium,1531331.71
232,2,413,basic,377665.87
565,0,1031,basic,667831.63
65,0,1499,premium,860845.35
788,1,788,none,627428.54
190,1,1489,premium,947603.16
863,3,863,premium,1599422.28
294,3,746,basic,639299.62
426,1,975,basic,695253.59
438,0,438,basic,307390.67
373,1,373,none,274621.69
634,2,866,basic,830512.28
236,1,236,none,183182.92
856,3,1392,premium,1889902.63
894,1,1226,premium,1403241.49
633,3,1383,basic,1284354.8
379,2,379,basic,419309.25
555,2,555,premium,947700.17
148,3,468,premium,460828.21
265,2,265,basic,309495.73
942,2,1162,basic,1217812.28
659,2,1001,none,812201.24
698,2,970,premium,1246340.47
512,3,1334,premium,1381527.44
173,2,173,none,174748.65
651,1,651,premium,897879.35
845,0,1022,premium,1119305.92
273,1,398,premium,462116.85
89,1,89,basic,81452.57
311,3,1220,premium,1056476.47
620,2,865,premium,1193220.65
394,0,1243,none,696017.27
749,2,749,premium,1277626.62
80,2,475,none,292006.45
719,2,719,premium,1222170.67
573,2,1297,none,950236.08
282,0,409,none,227690.42
905,0,905,none,487946.27
504,1,1306,premium,1145118.54
621,2,1295,premium,1431985.17
965,3,965,none,1146522.28
66,3,967,premium,617483.0
71,1,1193,none,694459.75
753,2,753,basic,881382.91
997,0,997,none,524527.86
695,2,695,premium,1120949.04
587,1,787,premium,943038.71
446,0,446,basic,328338.44
124,3,1203,premium,805075.93
508,2,898,premium,1007845.63
70,2,918,basic,542155.32
502,2,1330,basic,1056330.42
211,0,1236,none,689173.01
573,1,1344,basic,963577.28
109,1,1034,premium,681331.98
640,2,640,basic,714419.66
742,3,742,basic,1047753.83
202,1,255,basic,220146.81
901,3,901,none,1089376.94
880,1,1063,basic,931027.66
633,2,1137,basic,963547.7
323,1,1393,basic,928934.33
215,3,215,basic,305303.29
151,0,1465,premium,925918.49
602,0,637,premium,723370.42
641,1,1159,none,767572.59
985,3,985,basic,1356555.75
850,0,850,none,463119.24
243,1,920,none,569285.84
192,1,192,none,142525.39
366,2,684,none,558544.61
408,2,1489,none,1037973.27
889,1,1391,premium,1563161.33
432,2,508,premium,757864.84
363,1,459,basic,375830.59
749,1,749,none,553679.26
136,3,958,basic,645824.61
196,2,799,basic,541903.84
680,0,744,none,396614.22
963,2,963,basic,1116560.23
108,2,973,none,592216.69
142,1,1280,none,732741.72
911,0,911,basic,671867.91
854,3,854,basic,1226306.59
201,1,996,basic,621696.21
166,1,627,basic,419646.25
344,1,804,basic,596181.86
317,2,1310,basic,940151.0
786,2,843,premium,1377640.68
648,1,989,basic,794339.93
342,0,1054,basic,612847.26
430,2,430,basic,490294.39
179,2,887,basic,585964.36
77,1,1236,basic,698170.63
473,3,473,none,558525.09
59,2,679,none,400127.99
827,3,911,none,1042057.62
825,2,1021,premium,1424583.45
333,0,1180,premium,881717.28
214,0,214,premium,260308.62
300,0,383,none,211246.9
69,1,846,basic,479555.01
534,0,1132,basic,711177.44
255,3,539,basic,505898.76
300,2,300,premium,501260.4
234,2,1296,none,817371.5
968,3,1367,none,1331304.56
862,3,1409,premium,1953288.79
57,1,1414,none,802639.74
401,1,566,premium,649405.41
242,2,1192,premium,937156.18
163,1,1218,premium,840299.18
930,3,1036,premium,1828368.67
850,0,1220,premium,1268605.95
353,0,410,none,228735.83
753,1,753,premium,1067677.22
737,0,737,none,397563.06
373,1,1454,premium,1171588.7
68,1,446,premium,303353.08
380,0,1417,none,789911.94
774,2,1138,basic,1083842.3
966,2,966,basic,1125516.52
785,0,785,none,414997.94
916,3,1023,basic,1313974.76
52,0,377,basic,215521.34
678,0,1227,none,653315.65
353,0,1024,basic,627541.1
993,2,1399,premium,1898221.84
476,0,476,none,250080.0
864,0,1197,premium,1245867.67
100,2,373,premium,310898.99
851,1,1013,none,729812.35
588,0,800,basic,540971.1
155,3,719,premium,587646.64
693,1,1418,basic,1010852.75
157,1,1112,basic,684816.68
361,0,494,none,283134.29
501,1,1458,basic,997181.45
608,2,608,basic,722617.02
775,3,1099,none,1127209.02
427,0,731,premium,674757.21
203,2,1366,basic,892547.55
661,3,1240,basic,1182196.85
725,1,1042,basic,825339.92
610,2,1181,premium,1286544.61
711,3,854,basic,1066558.7
209,2,699,none,482127.59
490,1,970,premium,932815.77
646,1,1447,basic,1065880.12
508,2,1353,none,932843.53
267,1,603,premium,580652.8
85,3,402,basic,288608.95
402,2,1143,basic,837732.53
610,3,1005,premium,1325076.76
198,3,1303,basic,894410.55
861,0,861,basic,625100.34
776,3,819,basic,1139776.89
520,1,520,none,402667.6
597,0,597,premium,700730.29
667,1,719,basic,667434.2
706,3,1029,basic,1136135.74
328,3,676,none,614618.02
921,3,921,none,1131790.59
133,1,455,none,285996.42
210,0,833,basic,477536.82
558,1,558,none,423475.81
410,0,819,premium,724576.74
892,2,1253,none,1125129.92
515,2,515,premium,849515.43
391,3,1174,basic,968376.49
610,1,727,premium,926485.07
265,1,265,none,198707.28
575,0,575,basic,398922.98
179,2,1279,premium,911888.56
586,1,842,basic,677047.49
144,1,882,basic,553552.75
430,3,948,premium,1121194.88
702,0,702,none,369456.0
586,2,1246,basic,1083864.17
657,3,657,basic,898407.4
877,2,877,none,830161.1
179,3,712,none,489412.94
516,1,827,none,567574.36
739,0,1129,none,617017.53
954,2,954,none,927569.2
932,2,1153,basic,1210867.01
821,2,834,none,799128.63
270,3,469,basic,477469.84
112,0,817,none,443947.97
141,1,504,premium,411104.24
559,2,559,none,549313.79
791,2,791,premium,1262093.07
472,0,472,basic,347736.43
542,0,542,none,285705.36
514,2,546,basic,608734.75
357,3,357,none,417330.13
595,3,673,premium,1153030.7
794,0,1495,basic,992796.22
674,0,674,premium,801854.27
178,1,621,none,373073.92
291,1,291,basic,275478.68
851,3,851,basic,1182244.69
904,3,1246,none,1309610.53
498,2,498,none,472314.14
136,2,1458,none,828152.25
713,0,713,premium,851220.51
415,3,485,premium,826499.49
589,2,589,none,591607.65
401,3,1393,basic,1055351.55
417,3,1410,none,1076436.2
970,0,1011,basic,684228.84
853,1,885,premium,1253577.79
427,2,427,premium,693162.9
725,3,819,basic,1056431.94
400,3,1361,basic,1044883.4
571,2,571,premium,918563.33
714,3,895,basic,1092401.96
839,3,839,premium,1594030.35
484,1,484,basic,443732.21
593,1,593,premium,880285.05
579,0,1470,none,843662.2
351,3,351,premium,665688.18
252,3,647,premium,674052.45
909,0,909,none,510220.79
332,1,1480,premium,1129570.52
732,0,1426,basic,888422.29
68,2,462,none,286012.6
330,3,1302,none,930636.23
705,3,705,premium,1364066.88
949,3,1297,premium,1994190.75
522,1,1478,premium,1285674.88
972,1,986,basic,919744.12
981,1,981,premium,1343568.26
258,1,1087,premium,844288.14
69,2,1064,basic,627061.85
747,3,1454,basic,1452069.46
276,1,871,basic,558876.24
87,1,237,premium,199254.15
168,2,565,basic,420765.44
790,3,790,basic,1092240.18
815,3,815,basic,1131031.09
237,3,964,basic,697821.42
455,3,1182,premium,1305499.9
166,2,917,basic,601492.14
789,1,789,premium,1101176.91
880,3,1186,basic,1407828.59
874,3,1191,basic,1366248.13
309,3,1120,none,813224.31
127,3,127,premium,247212.25
886,0,886,basic,623959.51
668,0,668,basic,486202.86
926,2,926,none,946136.35
971,2,971,premium,1556430.67
98,0,1147,premium,708556.58
651,3,687,premium,1236771.99
690,3,1386,none,1168690.92
735,3,1437,none,1304596.94
713,0,713,none,384404.88
667,1,1415,none,903713.45
269,1,681,premium,604112.98
667,0,667,none,355390.33
277,3,645,basic,586562.17
582,3,739,basic,874295.87
688,2,721,basic,847030.21
704,3,704,basic,996852.42
937,3,937,premium,1828855.81
131,0,1204,premium,727642.44
354,2,420,premium,626520.94
494,0,494,none,264915.33
539,0,539,basic,386965.27
713,0,713,premium,880205.33
730,2,730,basic,811089.25
247,1,891,none,566447.6
161,0,1139,none,647065.15
484,0,1159,none,654079.92
343,3,620,basic,598559.74
880,0,1009,basic,723836.44
203,2,1141,premium,852349.5
425,3,425,basic,566398.55
831,2,1454,basic,1359880.2
75,0,496,basic,274653.39
948,3,1117,basic,1396172.3
823,2,823,basic,915429.35
758,2,828,none,790593.2
969,3,969,premium,1775203.24
121,2,954,basic,620467.22
153,1,603,basic,392607.91
435,2,897,premium,1007732.76
675,2,675,basic,786578.73
569,0,977,basic,611271.0
309,1,1015,premium,857103.28
698,3,863,basic,1097143.73
158,2,1062,basic,688011.34
309,3,1175,premium,1069092.32
689,2,689,basic,811664.14
979,1,1455,basic,1227832.04
525,0,525,premium,637605.84
260,3,1450,basic,1041590.59
925,0,925,none,523515.55
637,3,1035,none,954846.5
267,1,1490,none,849655.04
90,2,992,none,591252.96
328,3,945,basic,814883.01
700,1,980,none,708075.57
979,1,979,basic,879552.69
984,1,984,basic,961169.35
808,2,808,basic,949711.73
970,2,970,none,919547.43
678,0,1375,premium,1247896.81
450,2,450,premium,753636.48
259,2,695,basic,541906.29
652,1,937,basic,747331.31
550,3,751,basic,904371.87
895,2,895,none,879722.32
319,1,663,none,448995.25
132,1,996,premium,675990.68
333,3,333,premium,635541.84
812,3,1448,basic,1484307.38
447,3,983,none,802876.86
514,1,514,none,394656.27
138,1,1276,none,713945.96
383,1,383,none,305711.61
825,1,1200,basic,980408.26
111,0,481,none,266541.5
625,1,710,none,543905.93
733,0,1062,none,605851.18
373,2,1026,none,758604.7
57,0,392,basic,221260.64
637,1,637,none,483391.97
869,0,869,basic,628751.91
837,0,837,none,460867.42
589,3,1479,premium,1659016.92
541,1,1235,basic,926573.66
633,2,1335,premium,1365904.88
622,3,622,none,727990.45
429,1,490,basic,433955.35
473,1,1364,basic,930125.82
738,0,750,none,394037.4
239,3,604,premium,635015.38
856,0,856,basic,600549.72
431,0,1417,none,787644.16
905,0,905,premium,1102494.3
600,0,828,none,453354.72
176,1,176,basic,167998.71
633,3,1006,premium,1402484.11
289,0,1374,premium,985505.01
502,3,1226,basic,1044034.85
480,2,899,none,716253.49
722,2,722,basic,805179.91
461,3,1157,premium,1234032.81
804,2,804,premium,1346929.86
154,1,499,premium,413648.27
959,1,959,premium,1385404.53
589,2,1157,basic,1014442.35
654,1,654,basic,591596.4
130,0,317,none,174128.11
862,2,1035,premium,1559941.72
176,2,970,premium,737166.48
845,0,1180,basic,800822.38
424,0,1103,basic,694963.37
500,2,1229,basic,1001519.27
72,3,1148,basic,682709.63
874,1,1453,basic,1122688.84
489,3,982,basic,904478.37
882,0,882,none,464172.25
493,1,1492,basic,971064.6
175,2,866,none,570761.12
441,1,1277,basic,840837.97
674,0,886,none,508451.13
628,2,628,basic,694941.4
412,3,1307,basic,1040771.1
174,2,294,none,246925.8
174,0,219,basic,148807.53
695,3,835,premium,1437224.25
126,2,480,none,305818.43
785,3,1351,basic,1346950.29
354,0,723,none,388500.7
392,2,948,basic,741963.73
612,1,612,basic,560268.28
349,2,408,basic,422290.26
329,0,532,none,301025.73
484,0,484,premium,575018.05
263,0,811,basic,499715.25
569,3,569,basic,785435.12
708,2,708,basic,825108.62
871,0,1213,none,682061.41
536,3,1026,basic,1003460.56
573,1,932,basic,765265.21
797,3,913,basic,1138848.03
277,1,1490,basic,921196.33
972,2,972,basic,1130547.1
740,0,1023,basic,681230.13
736,2,821,premium,1258453.82
560,0,560,none,311925.55
786,3,889,none,1042839.21
492,0,1086,premium,898612.89
769,1,769,premium,1052739.03
884,1,955,none,706604.45
253,1,745,basic,520681.93
212,2,1443,basic,949439.01
376,1,696,none,458824.23
598,0,960,none,540164.54
950,3,1201,premium,1981459.05
596,1,752,none,544107.33
991,1,1457,basic,1131751.94
124,2,959,premium,690867.97
339,0,339,basic,237968.43
985,0,985,premium,1163920.75
407,3,407,none,488121.64
160,2,557,premium,478022.27
264,1,681,basic,493770.55
782,2,782,basic,880159.59
830,0,1476,basic,961499.25
775,2,775,premium,1321406.02
123,1,709,basic,427045.49
461,1,1061,basic,746504.08
79,2,309,none,209834.19
515,3,1363,none,1102382.69
124,0,1040,none,586716.87
835,3,835,premium,1573269.68
825,0,825,none,463687.29
206,3,682,basic,533672.99
972,1,972,basic,942462.85
868,0,1156,premium,1195199.71
740,0,740,basic,528802.46
978,3,978,basic,1300631.91
774,0,774,basic,576856.85
925,2,925,premium,1494194.31
901,2,1366,none,1133137.67
353,2,589,premium,710693.91
545,1,545,basic,488837.85
62,1,790,premium,504636.47
577,0,577,premium,712799.6
149,0,1246,none,678741.95
825,2,825,premium,1419980.74
989,0,989,premium,1163967.63
405,0,1325,none,739804.92
98,1,103,basic,92385.95
102,1,607,none,369604.52
819,1,917,premium,1172884.45
436,2,663,basic,633864.87
585,0,585,premium,678355.62
907,1,907,premium,1329190.17
153,3,747,premium,617008.05
731,2,731,premium,1164505.72
183,2,714,premium,594969.87
805,0,805,none,434691.97
533,0,1301,premium,1021104.42
380,3,380,basic,512579.35
94,1,1132,basic,632779.47
538,0,659,basic,450128.9
173,2,1291,basic,851022.32
680,0,680,basic,492590.93
849,3,849,basic,1138231.09
541,2,541,premium,920824.83
556,0,1412,none,798565.34
409,3,1056,none,861785.61
882,0,882,basic,643528.17
618,2,618,premium,979116.24
802,1,802,basic,731481.21
297,1,995,basic,677298.16
785,0,1195,basic,756465.51
343,1,647,premium,660491.74
351,0,1296,none,691140.59
142,3,542,none,404060.8
801,2,801,basic,916059.74
541,1,541,basic,505753.88
745,3,1163,basic,1222247.37
406,0,406,basic,279023.62
935,1,935,none,741508.68
846,2,846,premium,1454291.21
294,3,499,premium,656072.97
411,3,527,premium,813251.24
882,2,1112,premium,1647972.13
803,1,803,basic,717503.6
123,3,1229,none,766378.25
777,1,921,premium,1215075.1
652,1,662,none,503053.55
925,0,1246,none,672147.53
809,2,809,premium,1334203.83
650,0,650,basic,460206.36
678,1,1432,basic,1035009.36
323,0,323,basic,232495.3
131,3,1010,none,623961.36
926,3,1339,premium,2003603.07
950,1,1266,none,935485.2
798,0,798,basic,581937.82
873,2,873,basic,1032035.73
452,0,749,basic,504388.2
203,3,454,premium,532867.95
133,2,803,none,504313.69
602,3,1220,basic,1118057.74
543,0,543,none,310617.3
470,0,756,none,428151.03
238,3,1043,premium,875913.56
53,2,339,premium,245619.85
297,3,328,premium,566810.52
230,1,730,none,448670.86
615,1,1430,premium,1291557.62
664,1,1158,basic,870666.01
740,1,893,none,663643.16
800,0,1416,basic,943592.18
918,0,1185,premium,1221228.92
431,3,1452,premium,1355802.99
577,3,1095,basic,1087159.77
802,3,987,premium,1553055.31
816,1,816,none,635656.15
775,0,834,basic,575726.56
202,2,966,basic,670188.28
240,0,612,basic,391006.03
137,1,153,none,110115.66
247,0,1056,basic,634493.57
687,0,1491,premium,1238188.0
190,1,311,basic,236592.64
386,2,610,premium,764389.23
232,3,232,basic,318492.51
149,3,913,premium,691483.08
900,2,1492,none,1239129.2
319,1,750,none,485268.07
974,2,974,basic,1172733.7
388,0,388,basic,276972.71
574,3,708,basic,834058.04
507,0,1168,basic,712196.96
425,1,932,basic,649845.56
255,3,424,basic,456996.38
644,2,1283,none,958693.7
162,3,1199,basic,770851.94
189,0,951,basic,565959.54
895,0,895,none,485799.5
99,3,99,basic,130829.87
608,2,608,premium,1029179.4
440,2,440,none,432366.02
871,0,871,premium,1037167.58
880,1,880,premium,1208922.29
718,1,718,none,555261.66
461,1,730,premium,822190.2
474,0,1277,none,709085.07
147,0,257,basic,166351.82
215,1,215,basic,193294.3
718,2,718,none,706320.82
197,3,452,basic,416675.37
463,0,851,premium,764716.36
332,1,332,premium,479507.92
794,2,794,none,750474.24
501,0,644,none,343085.48
128,2,711,premium,507998.08
297,1,917,premium,778247.59
333,0,930,basic,588910.58
186,3,186,premium,344627.5
286,1,667,premium,602485.77
215,0,891,none,487091.11
468,3,1414,premium,1387089.9
320,3,428,premium,628441.44
297,3,297,basic,398797.57
261,0,261,none,148475.98
529,3,1120,none,952502.9
415,0,415,none,219172.42
110,1,1012,none,585926.66
577,1,1377,basic,1013774.15
688,2,1237,premium,1442931.78
735,2,919,premium,1342369.23
799,3,799,premium,1484281.73
558,1,558,none,424521.61
743,0,743,none,419325.92
819,0,819,basic,603346.49
729,3,1325,none,1241125.77
579,1,579,none,443557.06
234,0,821,basic,486044.12
924,1,924,premium,1273919.83
872,2,1023,none,938482.11
663,1,1414,none,887498.5
763,3,763,premium,1455419.56
352,3,852,premium,891495.7
189,3,332,basic,339619.17
326,0,1392,none,791535.45
798,2,798,premium,1350977.02
671,1,1250,basic,983764.77
146,0,1286,premium,772802.44
158,2,1112,none,703337.93
475,2,514,basic,568097.54
463,0,944,basic,577205.48
726,2,726,premium,1185355.11
673,2,1118,none,869774.99
499,0,695,premium,698444.13
807,0,1487,none,792998.38
987,2,1023,none,1009132.36
164,3,723,basic,538170.62
255,2,296,none,269190.02
167,2,1455,premium,994353.08
558,0,1248,premium,1090296.39
244,1,244,premium,339520.32
403,2,403,premium,672894.27
993,2,993,basic,1146467.05
366,0,366,none,204814.95
120,0,1398,premium,861893.01
363,0,1176,basic,675736.88
578,2,578,basic,671272.57
678,2,678,premium,1157505.0
871,3,1146,basic,1390091.43
554,1,554,none,412130.05
679,0,1272,basic,788277.78
986,0,986,none,537850.14
106,3,707,premium,514515.93
785,3,785,basic,1048144.1
921,3,1408,none,1400897.64
734,1,883,basic,802406.97
581,3,581,basic,785886.9
900,2,900,basic,998743.44
623,3,892,basic,1023640.52
908,1,1308,premium,1565694.61
954,3,954,premium,1828224.26
768,3,1482,basic,1438963.55
363,0,1441,premium,1060560.68
363,3,1428,basic,1096756.73
590,2,632,basic,694747.96
951,0,951,none,528062.33
838,3,907,premium,1616508.69
519,1,987,basic,736924.28
316,1,577,none,380322.29
89,0,1004,premium,631414.25
699,3,699,none,813263.35
563,1,563,basic,524049.4
367,3,1442,none,1053424.82
288,2,727,premium,698736.48
734,3,734,basic,988923.48
972,3,972,none,1193437.72
256,3,936,none,658174.01
918,3,918,none,1082225.97
726,2,726,none,743516.0
724,2,877,none,813058.16
951,0,951,none,523725.26
816,0,816,premium,1016569.31
307,3,380,premium,625789.83
599,3,599,premium,1102476.67
848,2,848,basic,935429.18
908,2,908,none,891662.57
930,2,1061,premium,1657547.59
999,2,999,basic,1125735.05
215,2,511,premium,527249.76
405,3,405,basic,531833.15
564,3,758,premium,1170558.76
586,3,586,premium,1113365.61
622,2,1349,basic,1155712.64
700,1,1043,basic,845271.48
364,0,829,basic,532946.63
219,3,1087,none,739337.05
963,2,963,basic,1156926.69
326,3,1416,basic,1066527.19
231,1,967,none,589870.76
309,0,665,premium,567368.36
992,0,992,premium,1152373.21
483,3,483,none,581963.65
345,1,581,premium,625185.72
233,1,1167,premium,853395.64
994,1,994,basic,891537.58
57,0,345,none,196920.35
389,3,488,premium,793184.95
568,3,1118,premium,1387419.28
204,0,1288,none,727890.04
980,2,980,none,987064.88
272,2,874,basic,665637.78
783,1,783,basic,727805.12
317,0,1137,premium,819855.12
543,2,1171,none,859755.36
851,2,851,none,876372.15
977,3,977,none,1233011.56
687,0,687,basic,481308.04
409,2,409,basic,460357.81
617,3,699,none,781257.36
686,0,686,none,387899.51
272,1,272,premium,376758.16
520,1,520,basic,489002.65
145,1,502,basic,340390.78
177,1,1428,none,799927.8
392,0,1138,basic,678429.78
874,2,874,none,854547.27
839,0,1162,basic,789354.4
985,0,1472,none,776109.16
552,2,898,premium,1145185.96
267,2,1030,basic,744028.04
496,3,1111,premium,1249821.73
276,3,1091,none,796327.51
236,0,273,none,146006.12
898,0,1302,basic,882831.36
237,1,319,basic,260144.65
600,3,894,basic,954517.75
471,3,471,none,588264.25
692,0,807,premium,883025.88
471,3,471,basic,626606.69
255,3,955,basic,708006.78
226,2,398,premium,453692.73
394,2,394,none,403324.59
536,2,1479,premium,1418799.6
987,1,987,basic,900365.82
981,0,981,none,529443.2
377,1,377,premium,544498.24
364,1,1184,premium,968699.86
546,3,1345,basic,1218377.91
560,0,1359,premium,1144412.54
782,1,1167,basic,957869.54
655,0,898,basic,608275.44
250,3,763,premium,723984.77
433,3,975,basic,888453.56
743,2,1074,premium,1440477.96
769,0,769,premium,897634.65
953,3,1263,basic,1495787.51
91,1,932,premium,572501.2
322,0,465,basic,318890.33
473,2,473,basic,537278.43
542,3,548,basic,767280.36
276,2,276,none,269071.99
499,2,499,premium,805797.41
322,1,1220,none,728058.94
599,2,599,premium,1009830.17
267,0,1372,basic,795432.73
619,3,1026,premium,1396787.35
543,2,1259,none,901079.75
745,2,845,none,781266.01
857,0,857,premium,1078354.19
419,3,972,none,786274.21
637,2,637,basic,732309.07
560,1,1323,none,816823.46
122,1,965,premium,642628.46
